Year,Date,Host,City,Venue,Rank,University,Country,Team,Contestant 1,Contestant 2,Contestant 3,Gold,Silver,Bronze,Honorable,Score,Total,Score Percentage,Penalty,Prize
2023,2024-04-18,Egypt,Luxor,Jolie Ville Resort & SPA Kings Island Luxor,1,National Research University Higher School of Economics,Russia,FFTilted,Aleksandr Babin,Fedor Romashov,Kirill Kudriashov,True,False,False,False,9,11,0.82,995,"World Champion, Northern Eurasia Champion"
2023,2024-04-18,Egypt,Luxor,Jolie Ville Resort & SPA Kings Island Luxor,2,Peking University,China,Let It Rot,Bo Peng,Shiyuan Feng,Yi Qian,True,False,False,False,9,11,0.82,1068,Asia East Champion
2023,2024-04-18,Egypt,Luxor,Jolie Ville Resort & SPA Kings Island Luxor,3,Moscow Institute of Physics and Technology,Russia,Yolki-palki,Denis Mustafin,Tikhon Evteev,Vsevolod Nagibin,True,False,False,False,9,11,0.82,1143,
2023,2024-04-18,Egypt,Luxor,Jolie Ville Resort & SPA Kings Island Luxor,4,Harbour.Space University - Barcelona Campus,Spain,P+P+P,Batyr Sardarbekov,Sergei Zolotarev,Yahor Dubovik,True,False,False,False,9,11,0.82,1304,Europe Champion
2023,2024-04-18,Egypt,Luxor,Jolie Ville Resort & SPA Kings Island Luxor,5,Tsinghua University,China,there is a hand owning feet,Guang Yang,Kai Luo,Yusi Chen,False,True,False,False,9,11,0.82,1524,
2023,2024-04-18,Egypt,Luxor,Jolie Ville Resort & SPA Kings Island Luxor,6,Nanjing University,China,triple_dogs,Chunyang Wang,Hongyang Liu,Xinyuan Zhang,False,True,False,False,8,11,0.73,1013,
2023,2024-04-18,Egypt,Luxor,Jolie Ville Resort & SPA Kings Island Luxor,7,Seoul National University,South Korea,HappyLastDance,Donghyun Kim,Harin Lee,Jeonghyun Ahn,False,True,False,False,8,11,0.73,1102,Asia Pacific Champion
2023,2024-04-18,Egypt,Luxor,Jolie Ville Resort & SPA Kings Island Luxor,8,University of Waterloo,Canada,Waterloo Black,Andrew Tang,Kevin Wan,Ramazan Rakhmatullin,False,True,False,False,8,11,0.73,1120,North America Champion
2023,2024-04-18,Egypt,Luxor,Jolie Ville Resort & SPA Kings Island Luxor,9,The University of Tokyo,Japan,Time Manipulators,Hirotaka Yoneda,Masataka Yoneda,Rintaro Matsuo,False,False,True,False,8,11,0.73,1121,
2023,2024-04-18,Egypt,Luxor,Jolie Ville Resort & SPA Kings Island Luxor,10,Tokyo Institute of Technology,Japan,tonosama,Kosuke Kaneshita,Tatsuhito Yamagata,Yasunori Kinoshita,False,False,True,False,8,11,0.73,1424,
2023,2024-04-18,Egypt,Luxor,Jolie Ville Resort & SPA Kings Island Luxor,11,Brigham Young University,United States,BYU TTL 255,Lawry Sorenson,Spencer Smith,Thomas Draper,False,False,True,False,7,11,0.64,842,
2023,2024-04-18,Egypt,Luxor,Jolie Ville Resort & SPA Kings Island Luxor,12,University of Warsaw,Poland,Warsaw Eagles 2023,Arkadiusz Czarkowski,Bartłomiej Czarkowski,Tomasz Nowak,False,False,True,False,7,11,0.64,940,
2023,2024-04-18,Egypt,Luxor,Jolie Ville Resort & SPA Kings Island Luxor,13,Universidad de Buenos Aires - FCEN,Argentina,una ma y no inchamo ma,Carlos Miguel Soto,Ivo Pajor,Lautaro Lasorsa,False,False,True,False,7,11,0.64,955,Latin America Champion
2023,2024-04-18,Egypt,Luxor,Jolie Ville Resort & SPA Kings Island Luxor,14,National Taiwan University,Taiwan,8BQube,Brian Tsai,Chung-Yi Cheng,Po-Hsuan Su,False,False,True,False,7,11,0.64,962,
2023,2024-04-18,Egypt,Luxor,Jolie Ville Resort & SPA Kings Island Luxor,15,University of Cambridge,United Kingdom,Trinity's Trinity,Fredrik Ekholm,Joël Benjamin Huber,Matej Urban,False,False,True,False,7,11,0.64,962,
2023,2024-04-18,Egypt,Luxor,Jolie Ville Resort & SPA Kings Island Luxor,16,Xi'an Jiaotong University,China,Dodo Kindergarten,Dong Yang,Yeyuan Chen,Zhikun Wang,False,False,True,False,7,11,0.64,980,
2023,2024-04-18,Egypt,Luxor,Jolie Ville Resort & SPA Kings Island Luxor,17,University of Novi Sad,Serbia,Infinity,Nikola Pešić,Tadija Šebez,Viktor Lučić,False,False,False,True,7,11,0.64,1021,
2023,2024-04-18,Egypt,Luxor,Jolie Ville Resort & SPA Kings Island Luxor,18,Massachusetts Institute of Technology,United States,Taxi,Jacob Teo,Siyong Huang,Thomas Guo,False,False,False,True,7,11,0.64,1076,
2023,2024-04-18,Egypt,Luxor,Jolie Ville Resort & SPA Kings Island Luxor,19,Kyoto University,Japan,Heno World,Chuta Yamaoka,Tomohito Omori,Yuya Kadono,False,False,False,True,7,11,0.64,1128,
2023,2024-04-18,Egypt,Luxor,Jolie Ville Resort & SPA Kings Island Luxor,20,École Normale Supérieure de Paris,France,ENS Ulm 1,Arthur Léonard,Hugo Peyraud-Magnin,Noé Weeks,False,False,False,True,7,11,0.64,1130,
2023,2024-04-18,Egypt,Luxor,Jolie Ville Resort & SPA Kings Island Luxor,21,University of Central Florida,United States,UCF Beehive,Andy Phan,Jacob Steinebronn,Natalie Longtin,False,False,False,True,7,11,0.64,1381,
2023,2024-04-18,Egypt,Luxor,Jolie Ville Resort & SPA Kings Island Luxor,22,Lviv National University,Ukraine,LNU Stallions,Maksym Shcherba,Petro Tarnavskyi,Yarema Stiahar,False,False,False,True,6,11,0.55,510,
2023,2024-04-18,Egypt,Luxor,Jolie Ville Resort & SPA Kings Island Luxor,23,Jagiellonian University in Krakow,Poland,Jagiellonian 1,Antoni Długosz,Grzegorz Gawryał,Jacek Salata,False,False,False,True,6,11,0.55,642,
2023,2024-04-18,Egypt,Luxor,Jolie Ville Resort & SPA Kings Island Luxor,24,St. Petersburg State University,Russia,Urgant Team,Evgenii Karpovich,Mikhail Ivanov,Saveliy Grigoryev,False,False,False,True,6,11,0.55,645,
2023,2024-04-18,Egypt,Luxor,Jolie Ville Resort & SPA Kings Island Luxor,25,University of Belgrade,Serbia,UoB R-Shuf,Igor Pavlović,Jovan Bengin,Vladimir Milenkovic,False,False,False,True,6,11,0.55,680,
2023,2024-04-18,Egypt,Luxor,Jolie Ville Resort & SPA Kings Island Luxor,26,Zhejiang University,China,Solitary Dream,Bo Peng,Xieting Chu,Yi Chen,False,False,False,True,6,11,0.55,683,
2023,2024-04-18,Egypt,Luxor,Jolie Ville Resort & SPA Kings Island Luxor,27,Saratov State University,Russia,Saratov SU K,Aleksei Shnirelman,Ilia Lankin,Roman Brovko,False,False,False,True,6,11,0.55,708,
2023,2024-04-18,Egypt,Luxor,Jolie Ville Resort & SPA Kings Island Luxor,28,University of California San Diego,United States,UCSD Fallen Star,Shang Zhou,Stanisław Strzelecki,Thomas Li,False,False,False,True,6,11,0.55,718,
2023,2024-04-18,Egypt,Luxor,Jolie Ville Resort & SPA Kings Island Luxor,29,Huazhong University of Science and Technology,China,Clover,Chen Gong,Xin Zheng,Zhongyao Yu,False,False,False,True,6,11,0.55,765,
2023,2024-04-18,Egypt,Luxor,Jolie Ville Resort & SPA Kings Island Luxor,30,Belarusian State University,Belarus,BelarusianSU 1: Dungeon Thread,Anton Paliukhovich,Daniil Dzenhaliou,Yafim Klimasheuski,False,False,False,True,6,11,0.55,932,
2023,2024-04-18,Egypt,Luxor,Jolie Ville Resort & SPA Kings Island Luxor,31,Purdue University,United States,Purdue BTR,Devin Qu,Richard Li,Trung Dang,False,False,False,True,6,11,0.55,968,
2023,2024-04-18,Egypt,Luxor,Jolie Ville Resort & SPA Kings Island Luxor,32,Georgia Institute of Technology,United States,Georgia Tech Pandas,Daniel Zhang,Jeffrey Chang,Maxwell Zhang,False,False,False,True,6,11,0.55,1010,
2023,2024-04-18,Egypt,Luxor,Jolie Ville Resort & SPA Kings Island Luxor,33,Universidade do Porto,Portugal,Heroes of the C,Duarte Nóbrega,Kevin Pucci,Paulo Sousa,False,False,False,True,6,11,0.55,1046,
2023,2024-04-18,Egypt,Luxor,Jolie Ville Resort & SPA Kings Island Luxor,34,Carnegie Mellon University,United States,CMU2,Edward Xiao,Linhan Yu,William Tsin,False,False,False,True,6,11,0.55,1103,
2023,2024-04-18,Egypt,Luxor,Jolie Ville Resort & SPA Kings Island Luxor,35,UNSW Sydney,Australia,Hell Hunt,Joseph Luo,Tao He,Tsingying Xu,False,False,False,True,6,11,0.55,1189,
2023,2024-04-18,Egypt,Luxor,Jolie Ville Resort & SPA Kings Island Luxor,36,Lund University,Sweden,ezcp,Björn Magnusson,Erik Amirell Eklöf,Teodor Bucht,False,False,False,True,5,11,0.45,398,
2023,2024-04-18,Egypt,Luxor,Jolie Ville Resort & SPA Kings Island Luxor,37,Pontificia Universidad Católica de Chile,Chile,Laranjas.clear,Ignacio Muñoz,Martin Andrighetti,Vicente Opazo,False,False,False,True,5,11,0.45,489,
2023,2024-04-18,Egypt,Luxor,Jolie Ville Resort & SPA Kings Island Luxor,38,ETH Zürich,Switzerland,gETHyped,Andon Todorov,Marc Dufay,Theodor Moroianu,False,False,False,True,5,11,0.45,496,
2023,2024-04-18,Egypt,Luxor,Jolie Ville Resort & SPA Kings Island Luxor,39,Stanford University,United States,Stanford Cardinal,Conor Kennedy,Misha Ivkov,William Xi,False,False,False,True,5,11,0.45,522,
2023,2024-04-18,Egypt,Luxor,Jolie Ville Resort & SPA Kings Island Luxor,40,Charles University,Czechia,MFF3,Adam Rajský,Jiri Kalvoda,Josef Minařík,False,False,False,True,5,11,0.45,573,
2023,2024-04-18,Egypt,Luxor,Jolie Ville Resort & SPA Kings Island Luxor,41,University of Oxford,United Kingdom,lamelame,Andy van Horssen,Xingjian Bai,Yichen Huang,False,False,False,True,5,11,0.45,578,
2023,2024-04-18,Egypt,Luxor,Jolie Ville Resort & SPA Kings Island Luxor,42,Indian Institute of Technology - Delhi,India,AuditPass,Harsh Wardhan,Rishabh Dhiman,Tamajit Banerjee,False,False,False,True,5,11,0.45,579,Asia West Champion
2023,2024-04-18,Egypt,Luxor,Jolie Ville Resort & SPA Kings Island Luxor,43,Indian Institute of Technology - Bombay,India,Leaf Papad,Kunal Kundwani,Parth Dwivedi,Shivang Tiwari,False,False,False,True,5,11,0.45,582,
2023,2024-04-18,Egypt,Luxor,Jolie Ville Resort & SPA Kings Island Luxor,44,University of Science and Technology of China,China,penalty limit exceeded,Tian Zhang,Zelong Lv,Ziyao Ding,False,False,False,True,5,11,0.45,592,
2023,2024-04-18,Egypt,Luxor,Jolie Ville Resort & SPA Kings Island Luxor,45,Saarland University,Germany,⊛˯⛒,Egor Gorbachev,Jonathan Baumann,Marc Strufe,False,False,False,True,5,11,0.45,630,
2023,2024-04-18,Egypt,Luxor,Jolie Ville Resort & SPA Kings Island Luxor,46,Universidad de La Habana,Cuba,UH Top,David Manuel García Aguilera,Jorge Alejandro Pichardo Cabrera,Leonardo Daniel Artiles Montero,False,False,False,True,5,11,0.45,644,
2023,2024-04-18,Egypt,Luxor,Jolie Ville Resort & SPA Kings Island Luxor,47,St. Petersburg ITMO University,Russia,Cataleptodius,Dmitrii Ibraev,Mikhail Oreshin,Rahimjon Hakimov,False,False,False,True,5,11,0.45,653,
2023,2024-04-18,Egypt,Luxor,Jolie Ville Resort & SPA Kings Island Luxor,48,Shanghai Jiao Tong University,China,Silver Bullet,Ruohong Jiang,Yang Qi,Zejia Chen,False,False,False,True,5,11,0.45,660,
2023,2024-04-18,Egypt,Luxor,Jolie Ville Resort & SPA Kings Island Luxor,49,New York University,United States,RTFP,Andrew Polizzotto,Peiliang Liu,Sparsh Sanchorawala,False,False,False,True,5,11,0.45,662,
2023,2024-04-18,Egypt,Luxor,Jolie Ville Resort & SPA Kings Island Luxor,50,University of Hong Kong,Hong Kong,I am not in danger. I am the danger.,Anzhe Wang,Che Liu,Jiahe Jiang,False,False,False,True,5,11,0.45,683,
2023,2024-04-18,Egypt,Luxor,Jolie Ville Resort & SPA Kings Island Luxor,51,University of Toronto,Canada,UofT Blue,Anthony Fetelya,Matthew Agar,Zhenyuan Xiang,False,False,False,True,5,11,0.45,737,
2023,2024-04-18,Egypt,Luxor,Jolie Ville Resort & SPA Kings Island Luxor,52,University of California Los Angeles,United States,UCLA Tortellini,Jason Liu,Nikil Roashan Selvam,Rishi Sankar,False,False,False,True,5,11,0.45,739,
2023,2024-04-18,Egypt,Luxor,Jolie Ville Resort & SPA Kings Island Luxor,53,"Jadavpur University, Kolkata",India,BForBruteForce,Anubhab Das,Arka Choudhuri,Deepamoy Pal,False,False,False,True,5,11,0.45,742,
2023,2024-04-18,Egypt,Luxor,Jolie Ville Resort & SPA Kings Island Luxor,54,"University of California, Berkeley",United States,Golden State Geeks,Nishant Bhakar,Saathvik Selvan,Swapnil Garg,False,False,False,True,5,11,0.45,743,
2023,2024-04-18,Egypt,Luxor,Jolie Ville Resort & SPA Kings Island Luxor,55,Indian Institute of Technology - Kanpur,India,facelessmen3.0,Avi Kumar,Satyam Roy,Udhav Varma,False,False,False,True,5,11,0.45,747,
2023,2024-04-18,Egypt,Luxor,Jolie Ville Resort & SPA Kings Island Luxor,56,University of Electronic Science and Technology of China,China,UESTC_Hanabi,Lijun Wu,Peiyong Shan,Zihan Zhu,False,False,False,True,5,11,0.45,747,
2023,2024-04-18,Egypt,Luxor,Jolie Ville Resort & SPA Kings Island Luxor,57,Universidade Estadual de Campinas,Brazil,Você beijaria Matheus Leal Viana?,Naim Shaikhzadeh,,,False,False,False,True,5,11,0.45,770,
2023,2024-04-18,Egypt,Luxor,Jolie Ville Resort & SPA Kings Island Luxor,58,St. Petersburg Campus of Higher School of Economics,Russia,Just3Keks,Anton Bukov,Vladislav Epifanov,Vladislav Mosin,False,False,False,True,5,11,0.45,795,
2023,2024-04-18,Egypt,Luxor,Jolie Ville Resort & SPA Kings Island Luxor,59,Nanyang Technological University,Singapore,UknoWho,Lingxuan Zhao,Xuhang Zhou,Zhengyu Wen,False,False,False,True,5,11,0.45,807,
2023,2024-04-18,Egypt,Luxor,Jolie Ville Resort & SPA Kings Island Luxor,60,KAIST,South Korea,BabyPenguin,Eunsoo Choe,Jimin Ahn,Jongyoung Lee,False,False,False,True,5,11,0.45,822,
2023,2024-04-18,Egypt,Luxor,Jolie Ville Resort & SPA Kings Island Luxor,61,Beihang University,China,Dauntless Shield,Jiaxu Min,Shaoke Cui,Yifan Zhang,False,False,False,True,5,11,0.45,833,
2023,2024-04-18,Egypt,Luxor,Jolie Ville Resort & SPA Kings Island Luxor,62,EAFIT University,Colombia,Fast and Fourier,Martin Diaz,Santiago Cano Franco,Simón Fallon Giraldo,False,False,False,True,5,11,0.45,837,
2023,2024-04-18,Egypt,Luxor,Jolie Ville Resort & SPA Kings Island Luxor,63,Novosibirsk State University,Russia,Novosibirsk SU 4: MathWay,Denis Malinovskii,Matvey Goncharov,Roman Fesenko,False,False,False,True,5,11,0.45,839,
2023,2024-04-18,Egypt,Luxor,Jolie Ville Resort & SPA Kings Island Luxor,64,Central South University,China,Trio of Tomorrow Winds,Boyang Zhao,Guochen Xu,Xuanjing Li,False,False,False,True,5,11,0.45,850,
2023,2024-04-18,Egypt,Luxor,Jolie Ville Resort & SPA Kings Island Luxor,65,Bangladesh University of Engineering and Technology,Bangladesh,BUET Sommohito,Apurba Saha,Iftekhar Hakim Kaowsar,Mahdi Hasnat,False,False,False,True,5,11,0.45,862,
2023,2024-04-18,Egypt,Luxor,Jolie Ville Resort & SPA Kings Island Luxor,66,"University of Science, VNU-HCM",Viet Nam,HCMUS-BurnedTomatoes,Bao-Hiep Le,Huy Nguyen Vu Dang,Phat Ho Ngoc Vinh,False,False,False,True,5,11,0.45,867,
2023,2024-04-18,Egypt,Luxor,Jolie Ville Resort & SPA Kings Island Luxor,67,Hunan University,China,Gold legend,Jie Su,Shukang Liao,Zeming Fan,False,False,False,True,5,11,0.45,878,
2023,2024-04-18,Egypt,Luxor,Jolie Ville Resort & SPA Kings Island Luxor,68,Instituto Militar de Engenharia,Brazil, 12k Club,Davi Holanda,Henrique Navarro,Sérgio Macário,False,False,False,True,5,11,0.45,889,
2023,2024-04-18,Egypt,Luxor,Jolie Ville Resort & SPA Kings Island Luxor,69,Shandong University,China,Big Black Dog Candy,He Zhou,Wencheng Cai,Zaixuan Wang,False,False,False,True,5,11,0.45,891,
2023,2024-04-18,Egypt,Luxor,Jolie Ville Resort & SPA Kings Island Luxor,70,Higher Institute for Applied Sciences and Technology,Syria,nON-sTOP,Bashar Hussain,Kifah Helal,Mahmoud Haddad,False,False,False,True,5,11,0.45,908,Africa and Arab Champion
2023,2024-04-18,Egypt,Luxor,Jolie Ville Resort & SPA Kings Island Luxor,71,The University of Texas at Dallas,United States,whoosh,Evan Bailey,Mike Nguyen,Suraj Mathashery,False,False,False,True,5,11,0.45,968,
2023,2024-04-18,Egypt,Luxor,Jolie Ville Resort & SPA Kings Island Luxor,72,University of California Irvine,United States,UCI Map,Elijah Huang,Jerry Li,Thomas Neill,False,False,False,True,5,11,0.45,971,
2023,2024-04-18,Egypt,Luxor,Jolie Ville Resort & SPA Kings Island Luxor,73,Moscow State University,Russia,apes together strong,Ruslan Voit,Sergey Grigorev,Vladislav Bargatin,False,False,False,True,5,11,0.45,1008,
2023,2024-04-18,Egypt,Luxor,Jolie Ville Resort & SPA Kings Island Luxor,74,Kazakh-British Technical University,Kazakhstan,DeoxyriboNucleic Acid,Amanbol Kanatuly,Dinmukhamed Tursynbay,Nazarbek Altybay,False,False,False,True,5,11,0.45,1048,
2023,2024-04-18,Egypt,Luxor,Jolie Ville Resort & SPA Kings Island Luxor,75,BRAC University,Bangladesh,BRACU_Crows,Arman Ferdous,MD Mazed Hossain,Ruhan Habib,False,False,False,True,5,11,0.45,1164,
2023,2024-04-18,Egypt,Luxor,Jolie Ville Resort & SPA Kings Island Luxor,76,Universitas Indonesia,Indonesia,Bingung weh,Ahmad Haulian Yoga Pratama,Budiman Arbenta,Steven Novaryo,False,False,False,True,5,11,0.45,1227,
2023,2024-04-18,Egypt,Luxor,Jolie Ville Resort & SPA Kings Island Luxor,77,Università di Pisa,Italy,flag[10],Filippo Casarin,Tommaso Dossi,Valerio Stancanelli,False,False,False,True,4,11,0.36,333,
2023,2024-04-18,Egypt,Luxor,Jolie Ville Resort & SPA Kings Island Luxor,78,Bina Nusantara University,Indonesia,okePeko,Albert Yulius Ramahalim,Rico Filberto,Vio Albert Ferdinand,False,False,False,True,4,11,0.36,339,
2023,2024-04-18,Egypt,Luxor,Jolie Ville Resort & SPA Kings Island Luxor,79,Neapolis University Pafos,Cyprus,bird-cherry,Nikolai Chukhin,Stepan Filippov,Vsevolod Vaskin,False,False,False,True,4,11,0.36,379,
2023,2024-04-18,Egypt,Luxor,Jolie Ville Resort & SPA Kings Island Luxor,80,Indian Institute of Technology - Kharagpur,India,Ab_Ki_Baar,Harsh Vardhan Goenka,Rahul Chugh,Saurav Pandey,False,False,False,True,4,11,0.36,421,
2023,2024-04-18,Egypt,Luxor,Jolie Ville Resort & SPA Kings Island Luxor,81,National Tsing Hua University,Taiwan,KiminoShiranaiMonogatari,Hsin-Wei Lee,Hung-Che Hsu,Ya-Yun Huang,False,False,False,True,4,11,0.36,447,
2023,2024-04-18,Egypt,Luxor,Jolie Ville Resort & SPA Kings Island Luxor,82,Southern University of Science and Technology,China,SUSTech-Vichy,Haoyu Li,Luyao Chen,Zhaoyang Hong,False,False,False,True,4,11,0.36,448,
2023,2024-04-18,Egypt,Luxor,Jolie Ville Resort & SPA Kings Island Luxor,83,Al-Baath University,Syria,Kindergarteners > Project Managers,Aws Issa,Moussa Syoufi,Naseem Daghestani,False,False,False,True,4,11,0.36,465,
2023,2024-04-18,Egypt,Luxor,Jolie Ville Resort & SPA Kings Island Luxor,84,University of Bergen,Norway,Algos but Greek chars,Andreas Alberg,Magnus Hegdahl,Marius Binner,False,False,False,True,4,11,0.36,474,
2023,2024-04-18,Egypt,Luxor,Jolie Ville Resort & SPA Kings Island Luxor,85,Chulalongkorn University,Thailand,Waifu=Senpai:Re,Mattanyu Tangngekkee,Natapong Sriwatanasakdi,Supakorn Kijwattanachai,False,False,False,True,4,11,0.36,590,
2023,2024-04-18,Egypt,Luxor,Jolie Ville Resort & SPA Kings Island Luxor,86,Indian Institute of Technology - Madras,India,Yorozuya Forever,Dronadula Teja,Nisanth Daniel,Yash Bhagwat,False,False,False,True,4,11,0.36,603,
2023,2024-04-18,Egypt,Luxor,Jolie Ville Resort & SPA Kings Island Luxor,87,Astana IT University,Kazakhstan,AITU 1,Adilkhan Muratov,Alikhan Aliaidar,Narkhan Kamzabek,False,False,False,True,4,11,0.36,632,
2023,2024-04-18,Egypt,Luxor,Jolie Ville Resort & SPA Kings Island Luxor,88,National Yang Ming Chiao Tung University,Taiwan,NYCU_13,Hao-Wei Chang,Hao-Xuan Lu,Wu Ting-An,False,False,False,True,4,11,0.36,651,
2023,2024-04-18,Egypt,Luxor,Jolie Ville Resort & SPA Kings Island Luxor,89,Universidade de Brasília,Brazil,FLAMENGO,Eduardo Quirino de Oliveira,Enzo Niho,Wilson Guimarães,False,False,False,True,4,11,0.36,654,
2023,2024-04-18,Egypt,Luxor,Jolie Ville Resort & SPA Kings Island Luxor,90,"Arab Academy for Science, Technology and Maritime Transport - Cairo",Egypt,Three Sannin,Abdelrahman Sayed,Ahmed Taha,Mostafa Emad,False,False,False,True,4,11,0.36,693,
2023,2024-04-18,Egypt,Luxor,Jolie Ville Resort & SPA Kings Island Luxor,91,National University of Singapore,Singapore,The Spiders from Mars,Jeffrey Lee,Kien Vu Hoang,Nyamdavaa Amar,False,False,False,True,4,11,0.36,707,
2023,2024-04-18,Egypt,Luxor,Jolie Ville Resort & SPA Kings Island Luxor,92,Indian Institute of Technology - Indore,India,Paradigm Shift,Deepkamal Singh,Jaskaran Singh,Nishkarsh Luthra,False,False,False,True,4,11,0.36,712,
2023,2024-04-18,Egypt,Luxor,Jolie Ville Resort & SPA Kings Island Luxor,93,Nazarbayev University,Kazakhstan,wf or gf?,Dulat Aldazharov,Khafiz Batyrkhan,Rauan Omarov,False,False,False,True,4,11,0.36,870,
2023,2024-04-18,Egypt,Luxor,Jolie Ville Resort & SPA Kings Island Luxor,94,International IT University,Kazakhstan,IITU: Defective Memory,Abdussattar Srazhov,Mikhail Kapitov,Torezhan Botakanov,False,False,False,True,4,11,0.36,879,
2023,2024-04-18,Egypt,Luxor,Jolie Ville Resort & SPA Kings Island Luxor,95,Taras Shevchenko National University of Kyiv,Ukraine,KNU_stascool5,Daniil Smelskyi,Marko Hryshechkin,Sofiia Melnyk,False,False,False,True,4,11,0.36,920,
2023,2024-04-18,Egypt,Luxor,Jolie Ville Resort & SPA Kings Island Luxor,96,"BITS-Pilani, Hyderabad Campus",India,{ :|:& };,Hriday Gajulapalli,Jeevan Jyot Singh,Pranav Rajagopalan,False,False,False,True,3,11,0.27,333,
2023,2024-04-18,Egypt,Luxor,Jolie Ville Resort & SPA Kings Island Luxor,97,Universidad Nacional de Rosario,Argentina,Don Gato,Federico Bersano,Franco De Rico,Sebastián Mestre,False,False,False,True,3,11,0.27,333,
2023,2024-04-18,Egypt,Luxor,Jolie Ville Resort & SPA Kings Island Luxor,98,Universidade Federal de Minas Gerais,Brazil,Humuhumunukunukuapua'a,Bernardo Amorim,Emanuel Silva,,False,False,False,True,3,11,0.27,382,
2023,2024-04-18,Egypt,Luxor,Jolie Ville Resort & SPA Kings Island Luxor,99,"Birla Institute of Technology and Science, Pilani Campus",India,jaggu's bois,Aniket Jain,Anish Kasegaonkar,Utkarsh Darolia,False,False,False,True,3,11,0.27,435,
2023,2024-04-18,Egypt,Luxor,Jolie Ville Resort & SPA Kings Island Luxor,100,"Dhirubhai Ambani Institute of Information and Communication Technology, Gandhinagar",India,Silent 3lers,Bhavya Rajdev,Harshvardhan Sharma,Preet Sheth,False,False,False,True,3,11,0.27,448,
2023,2024-04-18,Egypt,Luxor,Jolie Ville Resort & SPA Kings Island Luxor,101,Indian Institute of Technology - Patna,India,Maanzar,Anay Karnik,Aryaman Amitabh,Saurabh Shah,False,False,False,True,3,11,0.27,469,
2023,2024-04-18,Egypt,Luxor,Jolie Ville Resort & SPA Kings Island Luxor,102,University of Engineering and Technology - VNU,Viet Nam,mongoDB,Chau Vu,Nguyen Nhat Minh,Vu Nguyen Hoang,False,False,False,True,3,11,0.27,480,
2023,2024-04-18,Egypt,Luxor,Jolie Ville Resort & SPA Kings Island Luxor,103,Ghulam Ishaq Khan Institute of Engineering Sciences and Technology,Pakistan,AC47,Hamza Hasan Ellahie,Mujtaba Omar,Syed Basim Mehmood,False,False,False,True,3,11,0.27,538,
2023,2024-04-18,Egypt,Luxor,Jolie Ville Resort & SPA Kings Island Luxor,104,Universidade Federal do Rio de Janeiro,Brazil,Lebenslangerschicksalsschatz,Felipe Chen Wu,Gabriel Oliveira de Março,Letícia Freire Carvalho de Sousa,False,False,False,True,3,11,0.27,568,
2023,2024-04-18,Egypt,Luxor,Jolie Ville Resort & SPA Kings Island Luxor,105,University of Maryland,United States,UMD RED,Cheng-Yuan Lee,Colin Galen,,False,False,False,True,3,11,0.27,596,
2023,2024-04-18,Egypt,Luxor,Jolie Ville Resort & SPA Kings Island Luxor,106,Carleton College,United States,Chinela++,Batmend Batsaikhan,Luca Araujo,Zimri Leisher,False,False,False,True,3,11,0.27,599,
2023,2024-04-18,Egypt,Luxor,Jolie Ville Resort & SPA Kings Island Luxor,107,University of Bucharest,Romania,Echipa Sarata,Alexandra Maria Udristoiu,Bogdan-Ioan Popa,Ilie-Daniel Apostol,False,False,False,True,3,11,0.27,609,
2023,2024-04-18,Egypt,Luxor,Jolie Ville Resort & SPA Kings Island Luxor,108,National Research Nuclear University MEPhI (Moscow Engineering Physics Institute),Russia,Useless but powerful,Evgeny Anzin,Grigorij Ivanenko,Ivan Melnikov,False,False,False,True,3,11,0.27,650,
2023,2024-04-18,Egypt,Luxor,Jolie Ville Resort & SPA Kings Island Luxor,109,Belarusian State University of Informatics and Radioelectronics,Belarus,Belarusian SUIR #1: So stuffy,Aliaksandr Loseu,Mikita Halukh,Raman Markavets,False,False,False,True,3,11,0.27,691,
2023,2024-04-18,Egypt,Luxor,Jolie Ville Resort & SPA Kings Island Luxor,110,Universidad Panamericana Campus Bonaterra,Mexico,UPsolving,Fernanda Sarahy Mancilla Nuñez,Hector Fernando Ricardez Lara,Victor Armando Jaramillo Moreno,False,False,False,True,3,11,0.27,728,
2023,2024-04-18,Egypt,Luxor,Jolie Ville Resort & SPA Kings Island Luxor,111,University of Melbourne,Australia,Arts Students,Hoang Giap Vu,Phuc Nguyen,Quang Anh Trinh,False,False,False,True,3,11,0.27,761,
2023,2024-04-18,Egypt,Luxor,Jolie Ville Resort & SPA Kings Island Luxor,112,Universidad de Guanajuato - DCNE,Mexico,OWO,Diego Emir García Moreno,José Ángel Alejandro Soto,Sebastian Sánchez,False,False,False,True,3,11,0.27,766,
2023,2024-04-18,Egypt,Luxor,Jolie Ville Resort & SPA Kings Island Luxor,113,Universidad de Guadalajara CUCEI,Mexico,Almost Retired,Abraham Baltazar Murillo Sandoval,Jesús Uriel Guzmán-Mendoza,,False,False,False,True,2,11,0.18,255,
2023,2024-04-18,Egypt,Luxor,Jolie Ville Resort & SPA Kings Island Luxor,114,Universidad Mayor de San Simón,Bolivia,Club de Frontón 2880,Nicolás Mateo Valdivia Viscarra,Oliver Winsor Pozo Flores,Rodrigo Joaquin Salguero Morales,False,False,False,True,2,11,0.18,279,
2023,2024-04-18,Egypt,Luxor,Jolie Ville Resort & SPA Kings Island Luxor,115,American University of Beirut,Lebanon,AIM,Amine Ghoussaini,Ibrahim El Hajj,Mira Awar,False,False,False,True,2,11,0.18,289,
2023,2024-04-18,Egypt,Luxor,Jolie Ville Resort & SPA Kings Island Luxor,116,German University in Cairo,Egypt,Persistent Imposters,Ahmed Hossam,Noureldin Shaker,Omar Essam,False,False,False,True,2,11,0.18,312,
2023,2024-04-18,Egypt,Luxor,Jolie Ville Resort & SPA Kings Island Luxor,117,Damascus University,Syria,Win Win Situation,Ahmad Anabtawi,Esmael Sufe,Zaher SaadEddin,False,False,False,True,2,11,0.18,367,
2023,2024-04-18,Egypt,Luxor,Jolie Ville Resort & SPA Kings Island Luxor,118,Soongsil University,South Korea,NLP,Chansol Park,Dohyun Kim,Jeounghui Nah,False,False,False,True,2,11,0.18,398,
2023,2024-04-18,Egypt,Luxor,Jolie Ville Resort & SPA Kings Island Luxor,119,Assiut University,Egypt,Assuit U,Ahmed Abd Almaboud,Mohamed Shehata,,False,False,False,True,2,11,0.18,405,
2023,2024-04-18,Egypt,Luxor,Jolie Ville Resort & SPA Kings Island Luxor,120,Facultad de Ciencias-Universidad Nacional Autónoma de México,Mexico,Cagua++,Alberto Isaac Estrella Madrigal,Alejandro Briceño Espinoza,Laura Itzel Rodríguez Dimayuga,False,False,False,True,2,11,0.18,459,
2023,2024-04-18,Egypt,Luxor,Jolie Ville Resort & SPA Kings Island Luxor,121,Ain Shams University - Faculty of Computer and Information Sciences,Egypt,Sa3t El Sefr,Abdelrahman Ahmed,Abdelrahman Osman,Ziad Khobeiz,False,False,False,True,2,11,0.18,465,
2023,2024-04-18,Egypt,Luxor,Jolie Ville Resort & SPA Kings Island Luxor,122,Syrian Virtual University,Syria,AHA,Ahmad Alghadban,Ammar Haj Ahmad Dabaan,Hassan Alhaj Ali,False,False,False,True,1,11,0.09,58,
2023,2024-04-18,Egypt,Luxor,Jolie Ville Resort & SPA Kings Island Luxor,123,Jordan University of Science and Technology,Jordan,divideAndKrunker,Monther Abuzaina,Yazan Istatiyeh,Yazan Yousef,False,False,False,True,1,11,0.09,74,
2023,2024-04-18,Egypt,Luxor,Jolie Ville Resort & SPA Kings Island Luxor,124,University of Dhaka,Bangladesh,DU_Kronos,Bholanath Das,Sakib Hassan,Yeamin Kaiser,False,False,False,True,1,11,0.09,86,
2023,2024-04-18,Egypt,Luxor,Jolie Ville Resort & SPA Kings Island Luxor,125,Indian Institute Of Technology Jodhpur,India,Pratyahara,Ankit Chauhan,Vedanshu Goyal,Vikash Singh,False,False,False,True,1,11,0.09,96,
2023,2024-04-18,Egypt,Luxor,Jolie Ville Resort & SPA Kings Island Luxor,126,Cairo University - Faculty of Computers and Artificial Intelligence,Egypt,Kofta Sentinel Edition,Ahmed Salah,Mostafa Mahmoud,Omar Hany,False,False,False,True,1,11,0.09,140,
2023,2024-04-18,Egypt,Luxor,Jolie Ville Resort & SPA Kings Island Luxor,127,Universidad de Costa Rica,Costa Rica,UCR Mix,Ernesto Delgado,Ingrid Salazar Picado,Maricruz Vasquez Sandi,False,False,False,True,1,11,0.09,162,
2023,2024-04-18,Egypt,Luxor,Jolie Ville Resort & SPA Kings Island Luxor,128,Universidad Nacional de Colombia - Bogotá,Colombia,phiUN,Andres Ricardo Perez Rojas,Cesar Esteban Diaz Medina,Juan Sebastian Chaves Ramirez,False,False,False,True,1,11,0.09,230,
2023,2024-04-18,Egypt,Luxor,Jolie Ville Resort & SPA Kings Island Luxor,129,Aleppo University,Syria,ZERØs,Ayham Dabah Albaqar,Moaaz Raslan,Mohammad Saeed Dalil,False,False,False,True,1,11,0.09,348,
2023,2024-04-18,Egypt,Luxor,Jolie Ville Resort & SPA Kings Island Luxor,130,Escuela Superior De Computo Instituto Politecnico Nacional,Mexico,Exceso de Fé,Daniel Montes Guerrero,Esteban Raymundo Olmedo Ramírez,Jorge Luis Ibáñez Canales,False,False,False,True,0,11,0.0,0,
